qu'une duègne toujours de quartier en quartier,kyn@duEJ@tuZuRd@kaRtjeAkaRtje,13
portent un cœur châtré de toute noble envie ,pORtte~k9rSatRed@|tut@nOblAvi,11
qu'elles valent encor quatre fois mieux que celles,kEl@valtAkorkatR@fwamj2k@sEl,11
celles-là vont au bal courent les rendez-vous,sEl@lavCtobal|kuR@leRAdevu,12
savent dans un manchon cacher un billet doux,sav@dAze~mASC|kaSee~bijEdu,12
suivre l'imbroglio de ces amours mignons,sHivR@le~bROljod@|sezamuRminjC,11
une louve affamée en quelque âpre forêt,yn@luvafame|AkElkapR@fORE,12
l'horloge d'un couvent s'ébranla lentement ,lORlOZ@dte~kuv@|sz|ebRAlalAt@mA,12
 la belle épaule blanche ô ma petite fée ,labElepol@blAS@omap@tit@fe,13
 adieu donc  que le diable emporte ta jument ,adj2dCkk@l@djablApORt@taZymA,13
 allez-vous-en vilain   adieu mon seul amour  ,alevuvile~adj2mCs9lamuR,11
il détourna la rue à grands pas et le bruit,ildetuRnalaRy|agRApazel@bRHi,13
en route et d'heure en heure au bruit de la fanfare,ARuted9RA9R|obRHid@lafAfaR,13
que des lansquenets gris s'en vont partout criant,k@delAskenEgRi|sz|AvCpaRtukRijA,13
n'y manquent pas  pendant que l'un fait après boire,nimAk@papAdA|k@le~fEtapREbwaR,12
des bravos des éclats qu'allument les gageures,debRavodezekla|k|alym@legaZyR,12
ces mots à peine dits causèrent un haro,semozapEn@di|kozERte~aro,11
qui du prochain couvent ébranla le carreau,kidypROSe~kuvtebRAlal@kaRo,11
 messieurs cria d'abord notre moustache rousse,mesj2kRijadtabORnOtR@mustaS@Rus,13
dit quelqu'un j'en ai trois  frères cria de loin,dikelke~ZAetRwa|fRER@kRijad@lwe~,13
 vrai mon petit ribaud  dirent-ils quelle est-elle  ,vREmCp@tiribo|diRtilkElEtEl,11
la comtesse juana d'orvado n'a qu'un maître,lakCtEs@RuanadtoRvadonake~mEtR,13
 toi  s'écria paez  mousqueton d'écurie,twaszekRijapaEsmusk@tCdtekyRi,13
jurons donc que celui qui sera dans une heure,ZyRCdCkk@s@lHi|kis@RadAz9R,13
elles tournent en rond lentement et s'attendent ,El@tuRntARClAt@mAteszatAd,11
s'observent   par instants entre leur main rapide,szOpsERv@paRe~stAz|AtR@l9Rme~Rapid,12
tous viennent à voix basse agiter leurs destins,tusvjEntavwabasaZitel9RdEste~,11
se poussent à l'attaque et prompts à riposter,s@pustalatake|pRCzaRipOste,11
par l'injure et le fer tâchent de s'exciter,paRle~ZyRel@fER|taS@d@szEksite,12
qu'agitent les falots en spectres fantastiques,kaZit@lefaloz|AspEktR@fAtastik,12
comme un jeune jaguar en criant il bondit ,kOme~Z9n@ZagwaR|AkRijAtilbCdi,13
si fort que l'un et l'autre ils faillirent s'éteindre,sifORk@le~elotR|ilfajiR@szete~dR,12
des bras de l'homicide ôter le trépassé,debRad@lOmisid@otel@tRepase,13
connaîtriez-vous point frère dans une rue,kOnEtRijevu|pwe~fRER@dAzyn@Ry,13
qui pendent comme font des toiles d'araignées ,kipAd@kOm@fC|detwal@dtaRenje,12
ainsi qu'on voit souvent  sur le bord des marnières,e~sikCvwasuvA@syRl@bORdemaRniER,14
s'accroupir vers le soir de vieilles filandières,szakRupiRvERl@swaR|d@vjEj@filAdiER,13
faibles sur leur genou laissent choir leur menton ,fEbl@syRl9RZ@nu|lEs@SwaRl9RmAtC,12
de même l'on dirait que par l'âge lassée,d@mEm@lCdiRE|k@paRlaZlase,11
où chantent les grillons la nuit et la journée,uSAt@legRijC|lanHitelaZuRne,12
la laissent sous son toit mourir par charité,lalEs@susCtwa|muRiRpaRSaRite,12
d'y goûter   on dirait que c'est de l'eau-de-vie,dtiguteCdiRE|k@sEd@lod@,11
écoute  a-t-on raison de croire à la vertu,ekutatREzCd@|kRwaRalavERty,11
elle mourra sorcière en m'embrassant,El@muRasORsjER|AmAbRasA,10
et souffre-t-on beaucoup pour en mourir ensuite ,esufR@tbokupuR|AmuRiRAsHit,11
l'attente d'être heureux devient une souffrance ,latAt@d2R2d@vje~tyn@sufRAs,13
j'ai bu de l'eau-de-vie à dîner je ne puis,Zebyd@lod@a|dineZ@n@pHi,11
au verrou  don paez a-t-il peur que je sorte ,oveRudCpaEs|atp9Rk@Z@sORt,11
vous êtes pâle ô ciel  pourquoi sourire ainsi ,vuEt@pal@o|sjElpuRkwasuRiRe~si,13
qui trahit son amour juana doit avoir l'âme,kitRaisCamuR|RuanadwatavwaRlam,13
cette femme-là doit disais-je assurément,sEt@fam@ladwa|dizEZ@asyRemA,13
m'oubliez-vous paez et l'endroit où nous sommes ,mublijevupaEselAdRwatunusOm,13
c'est un péché mortel juana d'aimer deux hommes,sEte~peSemORtEl|Ruanadtemed2Om,13
c'est moi c'est ta juana  tu ne le connais pas,sEmwasEtaRuanatyn@l@kOnEpa,13
ils oubliaient le jour et la vie et le monde ,ilzublijE@|l@ZuRelaviel@mCd,14
et dont les endormis ne se réveillent pas,edClezAdORmi|n@s@Revej@pa,12
si bien qu'ayant tout vu n'ayant rien oublié ,sibje~kEjAtuvy|n|EjARje~ublije,13
pour le palais luigi la porte en était libre,puRl@palEluiZilapORtAetElibR,13
car nul pouvoir humain quand il avait prié,kaRnylpuvwaRyme~|kAtilavEpRije,13
reprit onorio quel était ce jeune homme,R@pRitonoRHokEl|etEs@Z9nOm,11
vous a-t-il adressé la parole   de qui,vuzattadResela|paROl@d@ki,11
vous a-t-on dit quel est son nom   je n'en sais rien,vuzatdikElEsC|nCZ@nAsERje~,11
dit luigi n'est-ce pas  et gageons qu'à cette heure,diluiZinEs@|pazegaZCka9R,14
 et prit onorio d'où ce dessein contraire,epRitonoRHodtu|s@dese~kCtRER,11
 madame  dit luigi s'avançant quatre pas ,madam@diluiZiszavAsAkatR@pa,13
et comme hors du lit pendait un de ses bras,ekOmORdylipAdEte~d@sebRa,11
ce fut pourquoi nul bruit ne frappant son ouïe,s@fypuRkwanylbRHin@fRapAsCwi,13
luigi qui l'admirait si fraîche épanouie,luiZikiladmiREsifRESepanwi,13
si tranquille si pure œil mourant front penché,sitRAkil@sipyR@2jmuRAfRCpASe,13
il n'est âme si rude et si bien affermie,ilnEtam@siRyd|esibje~afERmi,12
sur quoi s'étant sans bruit avancé sous la barre,syRkwaszetAsAbRHitavAsesulabaR,13
sans bruit et sans que rien sur ses traits eût changé,sAbRHitesAk@|Rje~syRsetREzySAZe,13
un géant comme ici fier et levant le bras ,e~ZeAkOmisi|fjeel@vAl@bRa,13
priaient bas et le chœur était silencieux,pRijE@baze|l@k9retEsilAsj2,14
quelle âme en vous voyant est jamais demeurée,kElamAvuvwajAt|EZamEd@m9Re,12
sans doute ou sans terreur   toutefois devant vous,sAdutusAteR9R|tutfwad@vAvu,11
où donc noble jeune homme à cette heure où les ombres,udCknObl@Z9nOm|a9RulezCbR,13
sous les pieds du passant tendent leurs voiles sombres,sulepjedypasA|tAd@l9Rvwal@sCbR,12
fait-il jaillir le feu de l'étrier d'acier ,fEtilZajiRl@f2|d@letRijedtasje,13
pourtant ton serviteur fidèle hors d'haleine,puRtAtCsERvit9R|fidElORdalEn,11
cherche-t-il donc à voir et comme à reconnaître,SERS@tdCkavwaRe|kOmaR@kOnEtR,11
ce kiosque à la nuit close entr'ouvrant sa fenêtre ,s@kjOskalanHi|klozAntruvRAsaf@nEtR,13
d'où partent ces accents  et quelle voix s'élève,dtupaRt@sezaksAz|ekEl@vwaszelEv,12
n'a pas toujours plié de ses mains de géant,napatuZuRplijed@seme~d@ZeA,13
votre front à la terre et votre âme au néant ,vOtR@fRCtalatER|evOtRamoneA,12
l'heure vous vienne prendre ô vieillards dites-nous,l9R@vuvjEn@pRAdR@ovjEjaRdit@nu,13
a celui que ses yeux ne peuvent rencontrer,as@lHik@sezj2|n@p9v@RAkCtRe,12
ce beau panache noir  était-ce un peu pour nous  ,s@bopanaS@nwaR|etEs@e~p2puRnu,13
 portia murmura-t-il cette glace dans l'ombre,poRsHamyRmyRatsEt@glas@dAlCbR,11
répondirent au loin les voûtes du château,RepCdiRtolwe~le|vut@dySato,11
onorio debout avait frappé leur vue,onoRHod@butavEfRapel9Rvy,11
une heure est à venise  heure des sérénades,9REta9R@deseRenad,14
nul bruit ne trouble plus dans les palais antiques,nylbRHin@tRubl@|plydAlepalEzAtik,13
s'endorment sur le bord de ses blancs escaliers,szAdORm@syRl@bOR|d@seblAzEskalje,12
peut-être que le seuil du vieux palais luigi,p2EtR@k@l@s9j|dyvj2palEluiZi,13
n'avaient pas achevé leurs dernières prières ,navE@pazaS@vel9RdERnjER@pRijER,14
a-t-elle pu tomber et se faner si vite,atpytCbees@|fanesivit,10
qui traînent dans la boue une robe de bal ,kitREn@dAlabu|yn@ROb@d@bal,12
prodiguent aux passants des baisers affamés,pROdigtopasAde|bezezafame,11
elles vivent ainsi c'est un sort misérable,El@vivte~sisEt|e~sORmizeRabl,11
mon véritable nom est daniel zoppieri,mCveRitabl@nC|EdanHElzopiERi,13
était fier m'avait fait d'abord étudier ,etEfjemavE|fEdtabORtetydje,13
un soir un grand seigneur  michel gianinetto,e~swaRe~gRAsEnj9R|miSElgianineto,13
au bout d'une heure au plus un orage éclata,obudt9Ro|plyze~ORaZeklata,13
chaque fois qu'en criant tournait la roue infâme,Sak@fwakAkRijAtuRnElaRue~fam,13
du pêcheur zoppieri  non sur ma foi madame,dypES9RzopiERinCsyRmafwamadam,13
vous dis-je  ils sont partis comme ils étaient venus,vudiZ@ilsCpaRtikOmilzetE@v@ny,14
elle avait de bonne heure épuisé les désirs,ElavEd@|9RepHizeledeziR,13
voit son arme inutile il rit et triomphant,vwasCaRminytil|ilRitetRijCfA,13
j'entends encore au vent les postillons crier,ZAtAzAkORovA@lepostijCkRije,14
il n'avait vu ni kean ni bonaparte ni,ilnavEvynikeannibonapaRt@ni,13
 mais la chose ne fait rien à notre héros,mElaSoz@n@fE|Rje~anOtReRo,11
passèrent sans que rien dans les choses humaines,pasER@sAk@Rje~|dAleSozymEn,11
viennent à tous propos déranger nos paresses ,vjEntatuspROpodeRAZenopaREs,11
je ne vous dirai pas quelle fut la douairière,Z@n@vudiRepa|kEl@fyladwERjER,14
que dorme en paix ta cendre ô quatre fois bénie,k@dORmApEtasAdR@okatR@fwabeni,13
douairière pour le jour où cette sainte envie,dwERjER@puR|l@ZuRusEt@se~tAvi,14
tes meubles furent mis douairière au châtelet ,tem9bl@fyR@mi|dwERjERoSat@lE,14
il la vit qui des deux voulut le tête-à-tête,illavikided2|vulyl@tEta,11
l'œillade italienne et qui de l'écolier,l2jaditaljEne|kid@lekOlje,11
ou du maître trembla le plus  hélas  qu'en sais-je,udymEtR@tRAbla|l@plyelaskAsEZ@,13
que vous ne sachiez mieux et que vous apprendrais-je ,k@vun@saSjemj2z|ek@vuzapRAdREZ@,13
n'ont oublié la voix de la première femme,nCtublijela|vwad@lapR@mjER@fam,13
peut-être dira-t-on qu'il était mal logé ,p2EtR@diRatkil|etEmallOZe,11
dante aimait béatrix  byron la guiccioli,dAtemEbeatRiks|biRClagisioli,13
n'avait rien oublié sur le point important,navERje~ublijesyRl@pwe~te~pORtA,13
hier un de mes amis se trouvant à souper,jERe~d@mezamis@tRuvAtasupe,13
un dimanche matin une heure une heure un quart,e~dimAS@mate~|9R9Re~kaR,14
 gare  criait le groom  quoi  mardoche en landau ,gaR@kRijEl@|gRumkwamaRdoSAlAdo,13
du jeune gentleman l'œillade meurtrière,dyZ9n@ZAt@lman|l|2jad@m9RtRijER,13
or le cuistre du lieu lecteur était l'ancien,ORl@kHistR@dylj2|lEkt9RetElAsje~,13
ayant donc débarqué notre héros fit mettre,EjAdCkdebaRke|nOtReRofimEtR,11
distrait d'un rêve ôta de ses lèvres la pomme,distREdte~REv@otad@selEvR@lapOm,13
puissent à l'éternel tendre leurs faibles mains ,pHistaletERnEltAdR@l9RfEbl@me~,11
l'âme s'y sent ouverte et la prière aisée,lam@szisAtuvERt|elapRijEReze,12
bon père  autant vaudrait prier en plus bas lieu,bCpERotAvodRE|pRijeAplybalj2,13
les mettent bas  mon fils dit le docteur voyez,lemEt@bamCfil|dil@dOkt9Rvwaje,12
attendez que le temps vienne  et qu'en apprendrai-je ,atAdek@l@tA|vjEnekAapRAdReZ@,13
mais que voudriez-vous monsieur qu'on fît au bal ,mEk@vudRije|vum@sj2kCfitobal,13
or je ne puis pas voir ma maîtresse  hier même,ORZ@n@pHipavwaR|majERmEm,13
qui sont les plus charmants sont ceux qui chantent faux,kisCleplySaRmA|sCs2kiSAt@fo,12
comme un diacre à noël à côté du curé ,kOme~djakRanOElakotedykyRe,13
hier donc je revenais ayant failli me rompre,jERdCkZ@R@v@nEzEjAfajim@RCpR,13
mes classes de bonne heure et puis dans les familles,meklas@d@|9RepHidAlefamij,13
ses vers me semblent beaux mais ils seraient plus vrais,sevERm@sAbl@bo|mEzils@RE@plyvRE,13
je ne suis pas douillet   un suicide  on se damne,Z@n@sHipadujEt|e~sHisidCs@dan,13
mon enfant un suicide  ah  songez à votre âme,mCAfAte~sHisidasCZeavOtRam,13
un chanoines quatorze archidiacres cinquante,e~Sanwan@katORz|aRSidHaKr@se~kAt,13
s'écria le vieillard mais vous n'en direz rien,szekRijal@vjEjaRmEvunAdiReRje~,13
quel qu'en soit le motif que mardoche est content,kElkAswal@mOtif|k@maRdoSEkCt,11
notre héros à terre avait fixé ses yeux,nOtReRozatERavEfiksesezj2,11
quoi qu'il en soit lecteur notre héros suivit,kwakilAswalEkt9R|nOtReRosHivi,11
jusqu'à ces heureux temps où nos compatriotes,Zyskase2R2tAz|unokCpatRijOt,13
fit mollement plier la douillette écarlate ,fimOl@mA@plijeladujEtekaRlat,14
ni des gens de l'endroit ni de son bon parent,nideZAd@lAdRwa|nid@sCbCpaR,11
notre héros le nez caché sous son manteau,nOtReRol@nekaSesusCmAto,11
monta dans sa voiture une heure au moins trop tôt ,mCtadAsavwatyR|9Romwe~tRoto,13
il est de trop bonne heure et l'on ne sait que faire,ilEd@tRo|9RelCn@sEk@fER,13
j'ai vu des apprentis se vendre à des douairières,ZevydezapRAti|s@vAdRadedwERjER,14
une femme  un souper  je consens que le diable,yn@fame~supe|Z@kCsAk@l@djabl,13
m'emporte si jamais j'ai souhaité d'avoir,mApORt@siZamE|Z|eswetedtavwaR,11
même hormis les pieds qu'elle avait un peu forts,mEmORmilepjekEl|avEte~p2fOR,11
a lui quand il cria comme au festin de pierre ,alHikAtilkRijakOmofEste~d@pjER,13
stratagème excellent   rien n'était mieux trouvé,stRataZEmEksEl@|Rje~netEmj2tRuve,12
hélas  et comment donc ceci va-t-il finir ,elaszekOmA@|dCks@sivatfiniR,12
de tout temps les époux grands dénoueurs de trames,d@tutAlezepu|gRAdenH2Rd@tRam,11
 madame dit l'époux vous irez au couvent ,madam@dilepu|vuziReokuv,11
au couvent   ô destin cruel et décevant ,okuv@odEste~|kRyEledes@vA,12
qui jettent la bouteille après le premier verre ,kiZEt@labutEj|apREl@pR@mjevER,12
dans un coin des jardins se mirent à causer,dAze~kwe~deZaRde~|s@miRtakoze,11
l'un d'eux nommé cassius frappant sur sa calotte,le~dt2nOmekasiysfRapAsyRsakalOt,13
qui s'appelait je crois la marquise de b,kiszap@lEZ@kRwa|lamaRkiz@d@b,11
disparaissant bientôt ils doublèrent le pas,dispaREsAbje~tot|ildublER@l@pa,12
cassius reconduisit l'autre jusqu'à la porte,kasiysR@kCdHizilotR@ZyskalapORt,13
il en sortit tremblant une fiole à la main ,ilAsORtitRAblAt|yn@fjOlalame~,13
il se passa deux ans durant lesquels cassius,ils@pasad2zA|dyRAlEkElkasiys,13
et son ami l'abbé ne se parlèrent plus,esCamilabe|n@s@paRlER@ply,12
cassius se montrait peu boudait ne riait guère,kasiyss@mCtRE|p2budEn@RjEgER,13
cassius dépérissait tombait de mal en pire,kasiysdepeRisEtCbEd@malApiR,13
cassius s'alla planter tout à coup derrière elle,kasiysszalaplAtetutakudERjEREl,13
cassius tout en suivant la belle créature,kasiystutAsHivAlabEl@kReatyR,13
étaient sombres cassius prit un ton furieux ,etE@sCbR@kasiyspRite~tCfyRj2,14
ah  fortunio pourquoi n'as-tu commis qu'un crime ,afoRtyniopuRkwanastykOmike~kRim,13
 as-tu reprit cassius encor de ce poison ,astyR@pRikasiyszAkord@s@pwazC,13
répondit fortunio me sourit seulement,RepCdifoRtyniom@suRis9l@mA,13
dans un baril d'opium ou dans ma poudrière,dAze~baRildtOpjOmudAmapudRijER,14
 eh bien  cria cassius marchons de ce côté ,ebje~kRijakasiysmaRSCd@s@kote,14
tous les deux à pas lents regagnèrent la rue,tusled2zapalA|R@ganjER@laRy,12
 avançons dit cassius vois-tu cette statue ,avAsCdikasiysvwatysEt@staty,13
 vois-tu ce portique entr'ouvert  sa maison,vwatys@pORtikAntr|uvERsamEzC,11
les abbés là-dessus traversèrent la ville ,lezabelad@sy|tRavERsER@lavil,12
cassius chez son ami tomba pâle et défait,kasiysSesCamitCbapaledefE,13
 ah çà  dit fortunio tu connais donc ta belle,asadifoRtyniotykOnEdCktabEl,13
de ton voyage en france ou comment t'aime-t-elle ,d@tCvwajaZAfRAns|ukOmA@ttEm@t,12
 moi répondit cassius c'est la première fois,mwaRepCdikasiyssElapR@mjER@fwa,13
qu'elle-même ce soir sur son lit a prié,kEl@mEm@s@swaR|syRsClitapRije,13
c'est là tout ô cassius  n'étouffe pas ta flamme,sElatuokasiysnetuf@pataflam,13
 et quand donc dit cassius et de quelle manière,ekAdCkdikasiyszed@kEl@manjER,13
me ferai-je aimer d'elle  en baisant son talon ,m@f@ReZ@eme|dt|ElAbezAsCtalC,13
 je vois dit fortunio que tu ne connais pas,Z@vwadifoRtyniok@tyn@kOnEpa,13
 bah  dit cassius tu ris avec ton athéisme,badikasiysty|RizavEktCateism,13
et l'aveugle à ton gré que croira-t-il alors ,elav9glatCgRe|k@kRwaRattalOR,11
laisse évoquer le diable au bouvier du chemin,lEsevOkel@djablobuvjedyS@me~,13
 je le veux dit cassius et la pensée est bonne,Z@l@v2dikasiyszelapAseEbOn,13
fortunio se trompait il n'en fallut que trois,foRtynios@tRCpEtilnAfalyk@tRwa,13
le quatrième jour suzon vint à confesse ,l@katRijEm@|ZuRsyzCve~takCfEs,13
cassius de son amour surprit l'aveu fatal,kasiysd@sCamuRsyRpRilav2fatal,13
il dit à fortunio   ton conseil infernal,ilditafoRtyniotCkCsEje~fERnal,13
au coucher du soleil cassius revint le voir,okuSedysOlEj|kasiysR@ve~l@vwaR,13
 eh bien  cria cassius ne chanterons-nous pas  ,ebje~kRijakasiysn@SAt@RCnupa,14
le ciel a-t-il fait faire un pacte à la nature,l@sjElatfEfERe~|paktalanatyR,11
quand il voit un tombeau qui s'entr'ouvre et sourit ,kAtilvwate~tCbo|kiszAntresuRi,11
vers leur œuvre sans nom marchèrent à grand pas,vERl9R2vR@sAnC|maRSERtagRApa,11
fortunio qui dormait au seuil de la maison,foRtyniokidORmEtos9jd@lamEzC,13
c'est cassius qui survit à suzon  sa victime,sEkasiyskisyRvitasyzCsaviktim,13
disparaît comme un songe au bruit de l'action ,dispaREkOme~sCZ|obRHid@laksjC,13
dans les sentiers déserts de san casciano,dAlesAtjedezER|d@sAcasjano,11
 qui suis-je  écrivais-tu  qu'on me donne une pierre,kisHiZ@ekRivE|tykCm@dOnyn@pjER,13
c'est ainsi machiavel qu'avec toi je m'écrie ,sEte~simakjavElkavEktwaZ@mekRi,13
qu'ai-je fait  qu'ai-je appris   le temps est si rapide,keZ@fEkeZ@apRil@tAzEsiRapid,13
que me dirai-je alors  quand j'aurai fait mes peines,k@m@diReZ@alORkAZORefEmepEn,13
et s'irrite en criant contre un lâche repos,esziRitAkRijAkCtRe~laS@R@po,13
grèce ô mère des arts terre d'idolâtrie,gREs@omER@dez|aRtER@dtidOlatRi,13
la langue de ton peuple ô grèce peut mourir ,lalAg@d@tCp9pl@ogREs@p2muRiR,13
nous pouvons oublier le nom de tes montagnes ,nupuvCzublijel@nCd@temCtanj,13
nos regards tout à coup viennent à découvrir,noR@gaRtutaku|vjEntadekuvRiR,11
la langue que parlait le cœur de phidias,lalAg@k@paRlE|l@k9rd@fidjas,11
triomphants honorés dieux parmi les mortels ,tRijCfAOnORedj2paRmilemORtEl,13
le giorgione superbe au jeune titien,l@ZjoRzjon@sypERb|oZ9n@titje~,11
naissent sous le soleil ardent de l'italie,nEs@sul@sOlEj|aRdA@d@litali,13
s'arrêtent pleins d'orgueil et disent  c'est assez ,szaREt@ple~dtORg2j|ediz@sEtase,12
et soulevant déjà l'âme prête à partir ,esul@vAdeZa|l|am@pREtapaRtiR,12
mais changez de façon  découvrez-leur une âme,mESAZed@fasC|dekuvRel9Rynam,12
les pleurs que votre sein peut encor contenir,lepl9Rk@vOtR@se~|p2tAkorkCtniR,11
le fer me manque-t-il ou ma main sans courage,l@fERm@mAk@ttu|mame~sAkuRaZ,11
a-t-elle lâchement glissé sur mon sein nu ,atlaS@mA@glisesyRmCse~ny,11
qu'hier encor dans ses bras loin des rayons du jour,kjERAkordAse|bRalwe~deREjCdyZuR,13
tes yeux cherchent en vain ta fatale beauté,tezj2SERStAve~ta|fatal@bote,11
aux chiens qu'il nourrissait jetèrent en pâture,oSje~kilnuRisE|Z@tERtApatyR,11
était-ce un connaisseur en matière de femme,etEs@e~kOnEs9RAmatjER@d@fam,13
cachent des pleurs amers et des nuits de sanglots ,kaS@depl9RzamERz|edenHid@sAglo,12
s'il est vrai que l'acteur ait l'âme déchirée,szilEvREk@lakt9R|Elam@deSiRe,12
je voudrais condamner mon plus fier ennemi,Z@vudREkCdane|mCplyfjeEn@mi,13
ferme et soulève au bruit des valses turbulentes,fERmesulEvobRHidevals@tyRbylAt,13
 hélas  a-t-elle dit d'une tremblante voix,elaszatdidtyn@|tRAblAt@vwa,10
dit-il  le médecin lui donne encore une heure,ditill@med@se~|lHidOnAkOR9R,13
 alors réplique-t-il porte-lui ce billet ,alORReplik@tpORt@lHis@bijE,11
 je suis femme maria  tu m'avais offensée,Z@sHifam@maRjatymavEzOfAse,13
pharmaciens du bon goût distillateurs sublimes,faRmasje~dybC|gudistilat2Rsyblim,13
maîtres maîtres divins où trouverai-je hélas ,mEtR@mEtR@dive~z|utRuv@ReZ@elas,13
pour avoir oublié de faire écrire au bas ,puRavwaRublijed@fERekRiRoba,13
salut jeunes champions d'une cause un peu vieille,salyZ9n@SApjCdtyn@koze~p2vjEj,13
par cent coups meurtriers devenu respectable,paRsA@kum9RtRijed@v@nyREspEktabl,14
france ô mon beau pays  j'ai de plus d'un outrage,fRAns@omCbopeiZed@plydte~utRaZ,13
idiome de l'amour si doux qu'à le parler,idjom@d@lamuRsidukal@paRle,13
tes femmes sur la lèvre en gardent un sourire ,tefam@syRlalEvR|AgaRdte~suRiR,11
que de dormir une heure en attendant le thé,k@d@dORmiR|9RAatAdAl@te,13
ressemblent aux greniers dans les temps de disettes,R@sAbltogR@njedA|letAd@dizEt,11
tandis que du calice embaumé de l'opium,tAdik@dykalis|Abomed@lOpjOm,13
comme une goutte d'eau qu'apportent les orages,kOmyn@gut@dto|k|apORt@lezORaZ,12
notre âme si dieu veut que nous ayons une âme,nOtRam@sidj2v2|k@nuzEjCzynam,12
le grog est fashionable et le vieux vin de france,l@gROgEfaSjonab@lel@vj2ve~d@fRAns,13
fille de la richesse ô toi toi qu'on oublie,fij@d@laRiSEs@otwatwakCubli,13
et sous le dais sanglant de l'impérial pavois,esul@dEsAglA|d@le~peRjalpavwa,13
se tiennent par la main de ta bouche à ton cœur,s@tjEn@paRlame~|d@tabuSatCk9r,12
peut-être à ton insu déjà bouillonnent-elles,p2EtRatCe~sy|deZabujOntEl,11
étalent au soleil leur vulgaire trésor ,etaltosOlEjl9R|vylgER@tRezOR,11
peuvent d'un flot d'azur bercer le voyageur ,p9v@dte~flodtazyR|bERsel@vwajaZ9R,12
maintenant dieu me garde  où vais-je  eh  que m'importe ,me~t@nAdj2m@gaRd|uvEZ@ek@me~pORt,13
du merveilleux palais tout peuplé de féeries,dymERvEj2palE|tup9pled@feeRi,13
où dans leurs voiles blancs dorment vos rêveries,udAl9Rvwal@blA|dORm@voREv@Ri,12
qu'importe que bientôt pour un autre oublié,ke~pORt@k@bje~to|puRe~otRublije,13
dans un âge rempli de crainte et d'espérance,dAze~aZRAplid@|kRe~tedtEspeRAs,11
de soutenir le sien  pourquoi  qui le dira ,d@sutniRl@sje~puRkwakil@diRa,11
qu'on ne peut définir ne semblèrent montrer,kCn@p2definiR|n@sAblER@mCtRe,12
que ce soit l'archet d'or la harpe éolienne,k@s@swalaRSEdtOR|laaRpeOljEn,11
sous les brouillards du soir le meurtrier s'avance,sulebRujaRdyswaR|l@m9RtRijeszavAs,13
a l'action iago  cassio meurt sur la place,alaksjCiagokasjom9RsyRlaplas,13
est-ce un pêcheur qui chante est-ce le vent qui passe ,Es@e~pES9Rki|SAtEs@l@vA@kipas,14
elle presse en criant sa harpe sur son cœur,El@pREsAkRijAsaaRp@syRsCk9r,13
mourante elle oubliait l'instrument dans ses bras,muRAtElublijEle~stRymA@dAsebRa,14
jeune fleur qui s'entr'ouvre à la fraîcheur des nuits ,Z9n@fl9RkiszAntra|lafRES9RdenHi,11
oh  quand tout a tremblé quand l'âme tout entière,okAtutatRAble|kAlam@tutAtjER,12
a des sons pénétrants qu'on ne peut oublier,adesCpenetRA|k|Cn@p2tublije,13
percent encor de loin le voile de la nuit,pERstAkord@lwe~l@|vwal@d@lanHi,11
dans les longs corridors qui se perdent dans l'ombre,dAlelCkORidOR|kis@pERd@dAlCbR,12
où de tristes échos répètent chaque pas,ud@tRist@zeko|RepEt@Sak@pa,12
où les enfants priaient où mouraient les vieillards,ulezAfApRijEtumuRE@levjEjaR,14
sourit aux vains efforts des siècles oubliés,suRitove~zefOR|desjEkl@zublije,13
mais qui peut oublier cette fausse judith,mEkip2tublijesEt@fos@Zydit,13
ta mémoire ô héros ne sera point troublée ,tamemwaR@oeRon@s@Rapwe~tRuble,13
dit tout bas ses secrets qui dévorent le cœur,ditubases@kRE|kidevOR@l@k9r,12
la douleur tend les bras criant   consolatrice ,ladul9RtAlebRa|kRijAkCsOlatRis,13
parmi les passions qui viennent tour à tour,paRmilepasjC|kivjEn@tuRatuR,12
autrefois ignoré mais content de son sort,otR@fwazinjORe|mEkCt@d@sCsOR,12
il osait oubliant sa tâche opiniâtre,ilozEtublijAsataSOpinjatR,13
sur le sol obscurci semblent se réunir,syRl@sOlOpskyRsi|sAbl@s@ReyniR,12
et meurt  les nuits d'hiver suivent les soirs de près,em9RlenHidivER|sHiv@leswaRd@pRE,12
se distinguent encor malgré l'obscurité,s@diste~gtAkormalgRelOpskyRite,11
des feux de loin en loin enfument les vieux toits,def2d@lwe~Alwe~|Afym@levj2twa,12
noircis par l'eau du ciel dont dégouttent les bois,nwaRsipaRlodysjEl|dCdegut@lebwa,12
au bruit confus des mers au loin se mêle encore,obRHikCfyde|mERzolwe~s@mElAkOR,13
rappellent au passant le jour du samedi,RapEltopasAl@|ZuRdysam@di,11
semble avec la rosée être tombé des cieux,sAblavEklaRoze@EtR@tCbedesj2,13
se souvenir hélas   oublier  c'est sur terre,s@suv@niRelasz|ublijesEsyRtER,13
où l'on dit que nos pas s'égarent dans la vie,ulCdik@nopa|sz|egaR@dAlavi,12
mais que dis-je  notre âge est à peu près le même,mEk@diZ@nOtRaZ|Etap2pREl@mEm,12
toutes deux lentement marchèrent quelques pas,tut@d2lAt@mA@maRSER@kElk@pa,13
 non  cria georgina non je ne le puis pas ,nCkRijaZoRZinanCZ@n@l@pHipa,13
c'est le bruit de ces flots de ce vent qui murmure,sEl@bRHid@se|flod@s@vA@kimyRmyR,14
 oui tout à toi bella car ma pauvre âme est pleine,witutatwabEla|kaRmapovRamEplEn,12
sœur de mon âme écoute ô mon unique amie,s2Rd@mCamekut@omCynikami,13
 a cette heure  dit-il est-ce encore une fête  ,a9R@dit|ilEs@AkORyn@fEt,14
pour parler au seigneur se reposent sur lui,puRpaRleosEnj9R|s@R@poz@syRlHi,12
ne retentissent plus dans le fond de son cœur,n@R@tAtis@ply|dAl@fCd@sCk9r,12
tout en priant ainsi n'a pas de sa parole,tutApRijAte~sinapad@sapaROl,13
et dont l'ange gardien fuit au bruit de tes pas ,edClAZ@gaRdje~|fHitobRHid@tepa,13
s'agitent çà et là  le silence  l'effroi ,szaZit@saela|l@silAs@lefRwa,12
quelques pas quelques sons traversent la nuit sombre ,kElk@pakElk@sC|tRavERs@lanHisCbR,12
se croisant en tous sens brillent dans les ténèbres,s@kRwazAtAtussA|bRij@dAletenEbR,12
qui se froissent sur lui croit que des cris funèbres,kis@fRwas@syRlHi|kRwak@dekRifynEbR,12
vous avez négligé de prier ce matin ,vuzavenegliZe|d@pRijes@mate~,13
elle pleure ô smolen  qui vous a cette nuit,El@pl9R@osmolEnkivuzasEt@nHi,13
 silence  disiez-vous   et cependant pensai-je,silAs@dizjevuz|es@pAdApAseZ@,13
 je suis malade femme et rien de plus,Z@sHimalad@fam|eRje~d@ply,10
en me criant   silence    ainsi qu'un assassin,Am@kRijAsilAse~sike~asase~,13
la terre lui sourit  c'est l'heure de prier,latER@lHisuRi|s|El9R@d@pRije,13
et ces mondes sans nom qui roulent sur nos têtes,esemCd@sAnC|kiRul@syRnotEt,12
tes filles sur ton front versent leurs fleurs chéries,tefij@syRtCfRC|vERs@l9Rfl9RSeRi,12
a cette heure d'espoir de mystère et de crainte,a9R@dtEspwaRd@mistERed@kRe~t,13
ah  brûlante brûlante ô nature  est la flamme,abRylAt@bRylAt@onatyRElaflam,13
qui devrait disparaître et replier ses ailes ,kid@vREdispaREtR|eR@plijesezEl,13
que fais-tu jeune fille à cette heure craintive ,k@fEtyZ9n@fij|a9R@kRe~tiv,13
rentre cœur plein d'amour  les vents d'est à cette heure,RAtR@k9rple~dtamuR|levAdtEta9R,13
glissent dans tes cheveux et leur souffle est glacé,glis@dAteS@v2z|el9RsuflEglase,12
tantôt subitement le bruit semble s'accroître,tAtosybit@mA@l@bRHisAbl@szakRwatR,14
demeurent en silence et comme dans la crainte,d@m9RtAsilAse|kOm@dAlakRe~t,11
ô sœurs ô pâles sœurs  sur qui donc priez-vous ,os2Ropal@s2R|syRkidCkpRijevu,13
un vain reste de jours oubliés et perdus ,e~ve~REst@d@ZuRz|ublijezepERdy,13
ses bras cherchent dans l'ombre et se tordent sa bouche,sebRaSERS@dAlCbR|es@tORd@sabuS,12
sa mère  ô pâles sœurs quelle fut donc sa faute ,samER@opal@|s2RkEl@fydCksafot,13
et depuis ce moment on n'a plus qu'à prier,ed@pHis@mOmAt|CnaplykapRije,13
ah  priez sur ce lit  priez pour la mourante ,apRijesyRs@|lipRijepuRlamuRAt,14
ah  priez si la mort à son heure dernière,apRijesila|mORtasC9R@dERnjER,13
ils veulent ici-bas d'un trône  ou d'un tombeau,ilv9ltisibadte~|tRonudte~tCbo,11
telles furent hélas  bien des infortunées,tEl@fyRelasbje~|deze~foRtyne,11
sa main son bras tremblant peuvent la soutenir,same~sCbRatRAblA|p9v@lasutniR,11
 quoi  rien   murmure-t-elle   et que peut-elle attendre,kwaRje~myRmyR@tte|k@p2tElatAdR,11
tournent  tout se confond  le fanal solitaire,tuRn@tus@kCfC|l@fanalsOlitER,12
 mes sœurs demande-t-il où donc est la novice  ,mes2Rd@mAd@ttu|dCkElanOvis,11
de la malade alors la paupière s'entr'ouvre ,d@lamaladalOR|lapopjER@szAntr,11
l'a-t-elle reconnu  son œil terne et hagard,latR@kOnysC2j|tERneagaR,10
tantôt il suppliait  tantôt il ordonnait,tAtotilsyplijEtAtotilORdOnE,13
après quelques moments cessèrent tout à fait,apREkElk@mOmA|sesER@tutafE,12
 trop tard répéta-t-il trop tard   et sur la terre,tRotaRRepetattRo|taRtesyRlatER,11
gémir jeter des pleurs prier sur une tombe,ZemiRZ@tedepl9R|pRijesyRyn@tCb,13
qui suspendant son âme à cette âme adorée,kisyspAdAsCam|asEtamadORe,12
tu t'es évanouie  ô toi fleur solitaire ,tyttEzevanwi@otwafl9RsOlitER,13
des sons mystérieux qu'il mêle au bruit des vents,desCmisteRj2|k|ilmElobRHidevA,13
quoi  tout nu  dira-t-on n'avait-il pas de honte ,kwatunydiRatnavEtilpad@Ct,11
nu dès le second mot   que sera-ce à la fin ,nydEl@s@gCmo|k@s@Ras@alafe~,13
nu comme le discours d'un académicien,nykOm@l@diskuR|dt|e~akademisje~,13
est-ce un bracelet d'or un peigne parfumé ,Es@e~bRas@lE|dt|ORe~pEnj@paRfyme,13
tous les cœurs vraiment beaux laissent voir leurs beautés,tuslek9RvREmA@|bolEs@vwaRl9Rbote,13
la naïade aux yeux verts pleurait en le quittant,lanaiadozj2|vERpl9REtAl@kitA,13
des mains de patricien  l'aspect fier et nerveux,deme~d@patRisje~laspEfjeenERv2,14
détestable voisin  excellent camarade,detEstabl@vwaze~|EksEl@kamaRad,12
que don juan déguisé chante sous un balcon ,k@dCZHAdegizeSAt@suze~balkC,13
venez après cela crier d'un ton de maître,v@neapREs@la|kRijedte~tCd@mEtR,13
quand le diable y serait est une vie humaine,kAl@djablis@REtEtyn@viymEn,13
 alors me dira-t-on c'est vous que vous peignez,alORm@diRatsE|vuk@vupenje,11
a la bibliothèque   et bien que cette histoire,alabiblijOtEkebje~k@sEtistwaR,13
a mon pauvre héros  dire qu'il est pacha,amCpovReRodiR@kilEpaSa,11
dire qu'il n'avait peur ni de dieu ni du diable,diR@kilnavEp9R|nid@dj2nidydjabl,13
du haut de leurs yeux bleus vous promènent en laisse,dyod@l9Rzj2bl2|vupROmEntAlEs,11
ou dans quelque recoin oublié de son cœur,udAkElk@R@kwe~|ublijed@sCk9r,13
plus mes petits talents gardent de leur fraîcheur,plymep@titalA|gaRd@d@l9RfRES9R,12
je n'ose même pas demander mon pardon,Z@nozmEm@pad@mAdemCpaRdC,11
il est vrai dira-t-on qu'il est plus d'une femme,ilEvREdiRatkil|Eplydtyn@fam,11
non pas qu'on l'entendît ni pleurer ni crier ,nCpakClAtAdi|nipl9RenikRije,13
jamais confessionnal ne vit de chapelet,ZamEkCfesjOnaln@vid@Sap@lE,13
voilà le train du monde et ceux qui savent vivre,vwalal@tRe~dymCd|es2kisav@vivR,12
j'en suis donc à te dire où diable en suis-je donc ,ZAsHidCkat@diR|udjablAsHiZ@dCk,13
se trouvant mal en train vis-à-vis de son verre,s@tRuvAmalAtRe~|viszad@sCvER,11
et puis on les priait d'aller courir les rues,epHizClepRijEdtalekuRiRleRy,13
le lendemain bonsoir  une vieille égyptienne,l@lAd@me~bCswaR|yn@vjEjeZipsjEn,13
qui semble être sa sœur ou plutôt sa maîtresse ,kisAbl@EtR@sa|s2RuplytosamEtREs,13
tous les points de sa boule aspirent vers le centre,tuslepwe~d@sabul|aspiR@vERl@sAtR,12
ce sont de vieux fumeurs qui dorment dans l'enceinte,s@sCd@vj2fym9R|kidORm@dAlAse~t,12
ces gens-là savent seuls vivre et mourir sans plainte ,seZAlasav@s9l|vivRemuRiRsAple~t,12
ils parlent rarement  ils sont assis par terre,ilpaRl@RaR@mAt|ilsCtasipaRtER,12
ne les méprise pas  car ils te valent bien,n@lemepRiz@pa|kaRilt@val@bje~,12
diable  j'ai du malheur  encore un barbarisme,djabl@Zedymal9RAkORe~baRbaRism,13
il fallait me lever pour prendre un dictionnaire,ilfalEm@l@ve|puRpRAdRe~diksjOnER,13
d'un chagrin domestique  où voulais-je en venir ,dte~SagRe~dOmEstik|uvulEZ@Av@niR,13
va-t-on le maltraiter et lui chercher querelle ,vatl@maltRetee|lHiSERSek@REl,11
pourquoi donc les amants veillent-ils nuit et jour ,puRkwadCklezamA|vEjtilnHiteZuR,11
pourquoi donc le poète aime-t-il sa souffrance ,puRkwadCkl@pOEt|Em@tsasufRAs,11
que demandent-ils donc tous les deux en retour ,k@d@mAdtildCktus|led2zAR@tuR,11
une larme ô mon dieu voilà leur récompense ,yn@laRm@omC|dj2vwalal9RRekCpAs,13
si j'avais fait un plan une heure avant d'écrire ,siZavEfEte~plA|9RavAdtekRiR,13
deux sortes de roués existent sur la terre ,d2sORt@d@Rwez|Egzist@syRlatER,12
il est l'axe du monde et lui permet d'aller,ilElaksdymCde|lHipERmEdtale,11
quelques duels oubliés quelques soupirs de femme,kElk@dHElzublijekElk@supiRd@fam,14
sur qui les écoliers fixent leurs yeux ardents,syRkilezekOlje|fiks@l9Rzj2zaRdA,12
quant au roué français au don juan ordinaire,kAtoRwefRAsEz|odCZHAORdinER,13
sur des murs chauds encor du viol de son enfant,syRdemyRSozAkor|dyvjOld@sCAfA,13
n'a pensé moins que lui qu'il était oublié,napAsemwe~k@lHi|k|iletEtublije,13
et jamais il n'a vu se dresser sous son pié,eZamEzilnavy|s@dResesusCpie,13
seulement voyez-vous cet homme c'est don juan,s9l@mA@vwaje|vusEtOm@sEdCZHA,14
oui don juan le voilà ce nom que tout répète,widCZHAl@vwalas@nCk@tuRepEt,13
insensé que je suis  que fais-je ici moi-même ,e~sAsek@Z@sHi|k@fEZ@isimwamEm,13
pas un d'eux ne t'aimait don juan  et moi je t'aime,paze~dt2n@ttemE|dCZHAemwaZ@ttEm,13
pas un qu'avec des pleurs tu n'aies balbutié ,paze~kavEkdepl9R|tynE@balbysje,13
remonta dans le ciel comme un ange oublié,R@mCtadAl@sjEl|kOme~AZublije,13
elles t'aimaient don juan ces pauvres délaissées,El@ttemE@dC|ZHAsepovR@delese,14
aux brises du matin à toute heure à tout lieu,obRiz@dymate~|a9Ratulj2,13
ils savent compter l'heure et que leur terre est ronde,ilsav@kCtel9R|ek@l9RtERERCd,12
ils marchent dans leur ciel sur le bout d'un compas,ilmaRS@dAl9RsjEl|syRl@budte~kCpa,12
mais ce que tu voulais ils ne le savent pas,mEs@k@tyvulEz|iln@l@sav@pa,12
 quelle est donc disent-ils cette femme inconnue,kElEdCkdiztilsEt@fame~kOny,11
que n'ayant pu venir il n'ait pu l'oublier ,k@nEjApyv@niR|ilnEpylublije,13
toutes lui ressemblaient don juan et tu marchais ,tut@lHiR@sAblE@dCZHAetymaRSE,14
tu n'en as pas brisé la forme sous ton pié ,tynAaspabRize|lafORm@sutCpie,13
ce que don juan aimait hassan l'aimait peut-être ,s@k@dCZHAemEasanlemEp2EtR,13
ce que don juan cherchait hassan n'y croyait pas,s@k@dCZHASERSEasannikRwajEpa,13
du pied de leurs coursiers ne doutèrent jamais,dypjed@l9RkuRsje|n@dutER@ZamE,12
mes amis à présent me conseillent d'en rire,mezamizapRezA@m@kCsej@dtARiR,13
le quatrième jour l'une et l'autre bannie,l@katRijEm@|ZuRlynelotR@bani,13
par un double hasard hassan vint à paraître,paRe~dublazaRasanve~tapaREtR,11
les clous du golgotha te soutiennent à peine ,lekludygolgota|t@sutjEntapEn,11
ta gloire est morte ô christ  et sur nos croix d'ébène,taglwaREmORt@o|kRisttesyRnokRwadtebEn,13
les hommes dans leur sein n'accueillent leur semblable,leOm@dAl9Rse~|n|ak9j@l9RsAblabl,12
lui donnait la nausée  heureux ou malheureux,lHidOnEla2R2zumal2R2,13
tel que la robe d'or du jeune alcibiade,tElk@laROb@dtOR|dyZ9nalsibjad,11
sous leur ciel embrasé penchent leurs longs cheveux ,sul9RsjElAbRaze|pAS@l9RlCS@v2,12
les lions hérissés dorment en grommelant,leljCeRise|dORmtAgROm@lA,11
s'enfoncent dans le sable et le sable altéré,szAfCs@dAl@sabl|el@sablalteRe,12
qui ne saurait plier ni son cou ni son aile,kin@soREplijenisCkunisCEl,13
ses longs cheveux épars la couvrent tout entière,selCS@v2zepaR|lakuvR@tutAtjER,12
que ces molles clartés palpitent autour d'elle,k@semOl@klaRte|palpittotuRdtEl,11
o vierge  que le bruit de tes soupirs légers,ovjERZ@k@l@bRHid@tesupiRleZe,13
ne chercherait-on pas le rouet de marguerite,n@SERS@REtCpa|l@RwEd@maRg@Rit,13
si ce n'est pas ta mère ô pâle jeune fille,sis@nEpatamER@opal@Z9n@fij,13
s'en va-t-elle entr'ouvrir depuis quelques instants,szAvattAntruvRiRd@pHikElk@ze~stA,11
la porte est retombée au bruit d'un rire affreux,lapORtER@tCbe|obRHidte~RiRafR2,13
c'est le parfum des fleurs c'est une huile légère,sEl@paRfe~defl9R|s|EtHil@leZER,13
n'avais-tu pas crié ton dernier anathème,navEtypakRijetCdERnjeanatEm,13
et quand tu tressaillis au bruit des chants sacrés,ekAtytResajiz|obRHideSAsakRe,13
souffle-t-il à l'aurore une brise aussi pure,sufl@ttalORORyn@bRizosipyR,11
quinze ans   o roméo  l'âge de juliette ,ke~zAzoRomeo|l|aZd@ZyljEt,10
quinze ans   l'âge céleste où l'arbre de la vie,ke~zAlaZselEstu|l|aRbR@d@lavi,11
regarde  elle a prié ce soir en s'endormant,R@gaRdElapRijes@swaRAszAdORmA,13
prié   qui donc grand dieu  c'est toi qu'en cette vie,pRijekidCkgRA|dj2sEtwakAsEt@vi,13
tu portes à la mer des cadavres hideux ,typORt@zalamER|dekadavRid2,11
us flottent en silence  et cette vieille terre,ysflOttAsilAse|sEt@vjEj@tER,11
que tes baisers brûlants sentent le vin d'espagne ,k@tebezebRylA|sAt@l@ve~dtEspaJ,12
oublions et buvons   vive la liberté ,ublijCzebyvCviv@lalibERte,13
dors-tu content voltaire et ton hideux sourire,dORtykCt@voltEr|etCid2suRiR,12
voltige-t-il encor sur tes os décharnés ,vOltiZ@ttAkorsyR|tezOsdeSaRne,11
que le disent alors tous ces grands corps sans vie,k@l@diztalORtus|segRAkORsAvi,11
que te disent les croix  que te dit le messie ,k@t@diz@lekRwa|k@t@dil@mesi,12
oh  saigne-t-il encor quand pour le déclouer,osEnj@ttAkorkA|puRl@deklue,11
ouvrent en frissonnant leurs lèvres insensées,uvRtAfRisOnAl9R|lEvR@ze~sAse,11
regarde   ils n'aiment pas  ils n'ont jamais aimé,R@gaRdilnEm@paz|ilnCZamEzeme,12
on entend tour à tour blasphémer et prier ,CAtAtuRatuR|blasfemeepRije,13
dis-moi dans quel écho dans quel air vivent-elles,dimwadAkEleko|dAkElERvivtEl,11
se suspendent encore aux lèvres des amants ,s@syspAdtAkORo|lEvR@dezamA,11
et des baisers sans nombre et peut-être ô misère ,edebezesAnCbR|ep2EtR@omizER,13
a ces deux enfants-là qui cherchent le plaisir,ased2zAfAla|kiSERS@l@pleziR,12
quand brulus s'écria sur les débris de rome ,kAbRylysszekRijasyRledebRid@Rom,13
sa portia son cassius son sang et ses soldats ,sapoRsHasCkasiyssCsAesesOlda,13
et que nous reste-t-il à nous les déicides ,ek@nuREst@tta|nuledeisid,11
pour qui travailliez-vous démolisseurs stupides,puRkitRavajie|vudemOlis9Rstypid,13
elles flottent au loin dans les vents empestés,El@flOttolwe~dA|levAzApEste,11
le noble n'est plus fier du sang de ses ancêtres ,l@nObl@nEplyfjedysAd@sezAsEtR,13
quand on est pauvre et fier quand on est riche et triste,kAtCEpovRefjekAtCERiSetRist,13
tel quand jésus cria des mains du ciel venues,tElkAgezukRijademe~dysjElv@ny,13
fendirent en lambeaux le voile aux plis sanglants,fAdiRtAlAbol@|vwaloplisAglA,11
murmurait sûr la place une ancienne romance,myRmyREsyRlaplas|ynAsjEn@ROmAs,13
frappent droit dans le cœur aux heures de souffrance ,fRap@dRwadAl@k9r|o9R@d@sufRAs,12
comme ils dévorent tout  comme on se sent loin d'eux ,kOmildevOR@tu|kOmCs@sA@lwe~dt2,13
comme ils savent rouvrir les fleurs des temps passés,kOmilsav@RuvRiR|lefl9RdetApase,12
ainsi tous deux fuyaient les cruautés du sort,e~situsd2fHjE@|lekRyotedysOR,12
les neiges sous ses pas paraissent s'embraser,lenEZ@susepa|paREs@szAbRaze,12
se couvrent de rougeur sous son premier baiser,s@kuvR@d@RuZ9R|susCpR@mjebeze,12
roi du monde ô soleil  la terre est ta maîtresse,RwadymCd@osOlEjlatEREtamEtREs,13
vous qui volez là-bas légères hirondelles,vukivOlelaba|leZERiRCdEl,11
que chantent tes oiseaux  que pleure ta rosée ,k@SAt@tezwazo|k@pl9R@taRoze,12
qui meurent dans la fange où leurs mères sont nées,kim9R@dAlafAZ|ul9RmER@sCne,12
et que les eaux du ciel ne l'entament jamais,ek@lezodysjEl|n@lAtam@ZamE,12
c'est ainsi qu'aujourd'hui s'éveillent tes pensées,sEte~sikojuRdszevej@tepAse,11
o rolla  c'est ainsi que bondissent tes fers,orolasEte~si|k@bCdis@tefER,12
courent à l'infini traversant des déserts,kuRtale~finitRavERsAdedezER,11
la résignation marche à pas languissants,laRezinjasjCmaRSapalAgisAt,13
qu'ai-je à chercher ailleurs  la jeunesse et la vie,keZ@aSERSeaj9RlaZ9nEselavi,13
us la posèrent là pour faire leur prière ,yslapozER@la|puRfER@l9RpRijER,12
vous voulez vous tuer  pourquoi vous tuez-vous ,vuvulevutHe|puRkwavutyzvu,11
deux ou trois questions flottèrent sur sa bouche ,d2zutRwakEstjC|flOtER@syRsabuS,12
murmura-t-elle enfin  moi je n'ai pas d'argent,myRmyRattAfe~mwa|Z@nepadtaRZA,11
depuis endymion on sait ce qu'elle vaut,d@pHizAdimjCC|sEs@kEl@vo,11
grâce à dieu pour new-york elle est enfin partie ,gRasadj2puR?joRkEl|EtAfe~paRti,11
apprenez donc lecteur que je viens d'allemagne,apR@nedCklEkt9R|k@Z@vje~dtal@mJ,11
les dames de paris savent par la gazette,ledam@d@paRi|sav@paRlagazEt,12
cette maison se trouve être un gros bloc fossile,sEt@mEzCs@tRuv@EtRe~gRoblOkfosil,13
peut-être est-ce un mammouth du règne minéral,p2EtREs@e~mamutdyREnj@mineRal,13
sont construits tout à point pour l'âme qui l'habite,sCkCstRHitutapwe~|puRlam@kilabit,12
les croupiers nasillards chevrottent en cadence,lekRupjenazijaR|S@vRottAkadAs,11
ils lui donnent le branle ils la mettent en danse,illHidOn@l@bRAl|illamEttAdAs,11
ils jardinent ainsi sur un rhylhme joyeux,ilZaRdinte~sisyR|e~Rilm@Zwaj2,11
ces mains vides ces mains qui labourent la terre,seme~vid@seme~|kilabuR@latER,12
si jamais ton jour vient dieu juste ô dieu vengeur ,siZamEtCZuRvje~@dj2Zyst@odj2vAZ9R,14
ma poche est comme une île escarpée et sans bords ,mapOSEkOmyn@|ilEskaRpeesAbOR,13
et songeais dans mon âme aux héros d'ossian,esCZEdAmCam|oeRodtosjA,11
il ne faudrait pourtant me disais-je à moi-même,iln@fodREpuRtA|m@dizEZ@amwamEm,13
et pour toute faveur la prier seulement,epuRtut@fav9R|lapRijes9l@mA,13
lui dis-je et ce qu'il veut je veux qu'on le lui donne,lHidiZ@es@kil|v2Z@v2kCl@lHidOn,13
nous jouâmes ainsi pendant une heure entière,nuZwam@ze~si|pAdAt9RAtjER,13
combien peuvent sur nous pour guérir toute peine,kCbje~p9v@syRnu|puRgeRiRtut@pEn,12
telle ô ma chaste fleur tu t'es évanouie,tEl@omaSast@|fl9RtyttEzevanwi,13
j'ai besoin de prier pour vivre jusqu'au jour,Zeb@zwe~d@pRijepuRvivR@ZyskoZuR,13
et le front chevelu du pélion changeant ,el@fRCS@v@ly|dypeljCSAZA,11
la blanche oloossone à la blanche camyre,lablASolusona|lablAS@kamiR,11
sur sa lèvre entr'ouverte oubliant sa prière,syRsalEvRAntruvERt|ublijAsapRijER,13
que leur gloire oubliée apprit aux troubadours ,k@l9RglwaRublijeapRitotRubaduR,13
l'homme de waterloo nous dira-t-il sa vie,lOm@d@watERlu|nudiRatsavi,11
ses petits affamés courent sur le rivage,sep@tizafame|kuR@syRl@RivaZ,12
ils courent à leur père avec des cris de joie,ilkuRtal9RpERavEkdekRid@Zwa,11
en secouant leurs becs sur leurs goitres hideux,As@kwAl9RbEk|syRl9RgwatRid2,11
il craint que ses enfants ne le laissent vivant ,ilkRe~k@sezAfA|n@l@lEs@vivA,12
que les oiseaux des mers désertent le rivage,k@lezwazodemER|dezERt@l@RivaZ,12
ils laissent s'égayer ceux qui vivent un temps ,illEs@szegeje|s2kivivte~tA,11
mais les festins humains qu'ils servent à leurs fêtes,mElefEste~yme~|k|ilsERvtal9RfEt,11
ressemblent la plupart à ceux des pélicans,R@sAbl@laplypaRt|as2depelikA,12
quand ils parlent ainsi d'espérances trompées,kAtilpaRlte~sidtEspeRAs@tRCpe,11
elles tracent dans l'air un cercle éblouissant ,El@tRas@dAlER|e~sERklebluisA,12
que t'en vas-tu chercher sinon quelque hasard,k@ttAvatySERSe|sinCkElkazaR,11
change et dissipe en pleurs les trésors de votre âme,SAZedisipApl9R|letRezORd@vOtRam,12
de ce pauvre réduit que tu crois oublier ,d@s@povR@RedHi|k@tykRwazublije,13
une voix sera là pour crier à toute heure ,yn@vwas@Rala|puRkRijea9R,14
crois-tu donc qu'on oublie autant qu'on le souhaite ,kRwatydCkkCubli|otAkCl@swEt,11
sous les verts marronniers et les peupliers blancs,sulevERmaROnjez|elep2plijeblA,13
que de marcher toujours et toujours oublier ,k@d@maRSetuZuRz|etuZuRzublije,13
je veux bien toutefois l'en raconter l'histoire,Z@v2bje~tutfwalA|RakCtelistwaR,11
au souvenir des maux qu'on pourrait oublier,osuv@niRdemo|k|CpuREtublije,13
le murmure du vent de son bruit monotone,l@myRmyR@dyvA@d@sCbRHimOnOtOn,14
j'entends sur le gravier marcher à petit bruit,ZAtAsyRl@gRavje|maRSeap@tibRHi,13
réponds que me veux-tu  qui l'amène à cette heure ,RepCk@m@v2ty|kilamEna9R,13
laisse-moi pour toujours oublier ma jeunesse,lEs@mwapuRtuZuRz|ublijemaZ9nEs,13
de pardonner les maux qui nous viennent d'autrui,d@paRdOnelemo|kinuvjEn@dtotRHi,12
les morts dorment en paix dans le sein de la terre ,lemORdORmtApEdA|l@se~d@latER,11
ainsi doivent dormir nos sentiments éteints,e~sidwav@dORmiR|nosAtimAzete~,12
n'es-tu pas jeune heureux partout le bien venu ,nEtypa2R2paRtul@bje~v@ny,13
si tu n'y retrouvais quelques anciens sanglots ,sityniR@tRuvE|kElk@zAsje~sAglo,13
plier comme autrefois un beau corps dans les bras,plijekOmotR@fwaze~bokORdAlebRa,13
celle qu'il appelait alors sa guiccioli,sEl@kilap@lEt|alORsagisioli,13
et vous alliez à lui porté par ses douleurs,evuzaljea|lHipORtepaRsedul9R,13
lui qui depuis dix ans fuyait sa renommée,lHikid@pHidiszA|fHjEsaR@nOme,11
veulent être signés d'un nom que je n'ai pas,v9l@EtR@sinje|dt|e~nCk@Z@nepa,12
te le dirai-je à toi chantre de la souffrance,t@l@diReZ@a|twaSAtR@d@lasufRAs,13
comment exprimerai-je une peine indicible ,kOmAtEkspRim@Re|Z@yn@pEne~disibl,13
après toi devant toi puis-je encor le tenter ,apREtwad@vAtwa|pHiZ@Akorl@tAte,13
ses enfants demi-nus sortent de la bruyère,sezAfAd@miny|sORt@d@labRyjER,12
et viennent lui conter comme leur pauvre mère,evjEn@lHikCte|kOm@l9RpovR@mER,12
autour de moi criait celle foule railleuse,otuRd@mwakRijEsEl@ful@Raj2z,13
l'homme passait dans l'ombre allant où va le bruit,lOm@pasEdAlCbR|alAtuval@bRHi,13
c'était en février au temps du carnaval,setEtAfevRijeotAdykaRnaval,13
qu'à travers cette honte et cette obscurité,katRavERsEtCte|sEtOpskyRite,11
qui semblait en passant crier à ma jeunesse ,kisAblEtApasA|kRijeamaZ9nEs,13
nous laisse épouvantés d'avoir cru vivre heureux ,nulEsepuvAte|dt|avwaRkRy2R2,13
qui se disent toujours fatigués d'espérer,kis@diz@tuZuR|fatigedtEspeRe,12
qu'est-ce donc qu'oublier si ce n'est pas mourir ,kEs@dCkkublijesis@nEpamuRiR,13
l'âme remonte au ciel quand on perd ce qu'on aime,lam@R@mCtosjEl|kAtCpERs@kCEm,12
humble ou fier triste ou gai mais toujours gémissant,e~blufjetRistu|gemEtuZuRZemisA,13
créature d'un jour qui t'agites une heure,kReatyR@dte~ZuR|kittaZit@z9R,13
ton âme t'inquiète et lu crois qu'elle pleure ,tCam@tte~kjEt|elykRwakEl@pl9R,12
o maria-félicia  le peintre et le poète,omaRjafelicjal@pe~tRel@pOEt,13
laissent en expirant d'immortels héritiers ,lEstAEkspiRAdtimORtEleRitje,11
a défaut d'action leur grande âme inquiète,adefodtaksjC|l9RgRAdame~kjEt,12
et frappés dans la lutte ils tombent en guerriers,efRapedAlalyt|iltCbtAgERje,11
garde de phidias la mémoire éternelle,gaRd@d@fidjasla|memwaRetERnEl,11
et de toi morte hier de loi pauvre marie,ed@twajERd@lwapovR@maRi,13
ne sauront pour prier où poser les genoux,n@soRCpuRpRijeupozeleZ@nu,13
celle harpe vivante attachée à ton cœur ,sElaRp@vivAtataSeatCk9r,11
sur les meilleurs de nous ose porter la main ,syRlemEj2Rd@nuz|ozpORtelame~,11
sous les cyprès anciens que de saules nouveaux ,sulesipREzAsje~k@d@sol@nuvo,13
traîne carre sanglant à l'éternel repos,tREn@kaRe@sAglAtaletERnElR@po,13
que nous restera-t-il si l'ombre insatiable,k@nuREst@Ratsi|l|CbRe~sasjabl,11
hélas  marietta tu nous restais encore,elasmaRjEtaty|nuREstEzAkOR,11
ce qu'il nous faut pleurer sur ta tombe hâtive,s@kilnufopl9Re|syRtatCbativ,11
c'est ton âme ninette et la grandeur naïve,sEtCam@ninEt|elagRAd9Rnaiv,12
ah  tu vivrais encor sans cette âme indomptable,atyvivREzAkor|sAsEtame~dCptabl,12
sous lequel ton beau corps plia comme un roseau,sul@kEltCbokOR|plijakOme~Rozo,13
que ton sein palpitant ne pouvait contenir ,k@tCse~palpitA|n@puvEkCtniR,11
il est d'une grande âme et d'un heureux destin,ilEdtyn@gRAdam|edte~2R2dEste~,12
et renier le reste est-ce donc être heureux ,eR@njel@REst|Es@dCk2R2,13
jouis et meurs  les dieux no songent qu'à dormir,Zwizem9Rledj2|nymeRosCZ@kadORmiR,14
dans l'un et l'autre excès se jettent tour à tour,dAle~elotReksE|s@ZEt@tuRatuR,12
pour expier une heure il faut l'éternité,puREkspje|9RilfoletERnite,13
que me reste-t-il donc  ma raison révoltée,k@m@REst@tdCkma|REzCRevOlte,11
a qui m'adresserai-je et quelle voix amie,akimadRes@Re|Z@ekEl@vwazami,13
qui savent sans la foi trouver la vérité ,kisav@sAlafwa|tRuvelaveRite,12
pythagore et leibnitz transfigurent mon être,pitagoRelEbnitz|tRAsfigyR@mCEtR,12
eh bien  prions ensemble  abjurons la misère,ebje~pRijCzAsAblabZyRClamizER,13
chrétiens des temps passés et rêveurs d'aujourd'hui ,kRetje~detApasez|eREv9RdtojuRd,11
tous vous avez souffert le reste est oublié,tusvuzavesufER|l@REstEtublije,13
la pluie et le soleil s'y disputent l'empire,laplHiel@sOlEj|sz|idispyt@lApiR,12
les femmes et les fleurs appellent le zéphyr ,lefam@zelefl9Rz|apEl@l@zefiR,12
sous les vieux marronniers commencent à venir,sulevj2maROnje|kOmAstav@niR,11
prolongent plus longtemps leurs dernières fanfares ,pROlCZ@plylCtA|l9RdERnjER@fAfaR,12
a ce bruit qui nous quitte on court avec ardeur ,as@bRHikinu|kitCkuRtavEkaRd9R,13
o muse de la valse ô fleur de poésie ,omyz@d@lavals@ofl9Rd@pOezi,13
les vierges aujourd'hui se montrent moins sévères,levjERZ@zojuRdji|s@mCtR@mwe~sevER,12
et se laissent toucher sans grâce et sans fierté,es@lEs@tuSe|sAgRasesAfjERte,12
lorsqu'au bruit des canons dansait la république,loRskobRHidekanCdAsElaRepyblik,13
lorsque la talien soulevant sa tunique,lORsk@latalje~sul@vAsatynik,11
que vois-je donc là-bas  quel est ce pauvre diable,k@vwaZ@dCklaba|kElEs@povR@djabl,13
c'est mon ami durand mon ancien camarade,sEmCamiduRA|mCAsje~kamaRad,13
je n'ai que trop connu ce que valent les hommes,Z@nek@tRokOny|s@k@val@leOm,12
dès l'âge de quinze ans sachant à peine lire,dElaZd@ke~zAsaSAtapEn@liR,11
l'italie et surtout l'emphatique allemagne,litaliesyRtu|l|Apatikal@mJ,11
lorsqu'à dix-neuf ans tu sortis du collège,loRskadisn9fAty|sORtidykOlEZ,11
lorsque ton estomac criait   il est six heures  ,lORsk@tCEstOma|kRijEtilEsis9R,13
mené jusqu'aujourd'hui cette affreuse existence ,m@neZyskojuRdsEt|afR2zEgzistAs,11
on voit des fainéants qui labourent la terre ,CvwadefEneA|kilabuR@latER,12
qui pour certains romans faisait des culs-de-lampes,kipuRsERte~ROmA|f@zEdekyd@,11
il m'apprit l'orthographe et corrigea mon style,ilmapRilphonetiqueekoRiZamCstil,14
soixante in-octavos inondèrent ma table,swasAte~oktavoz|inCdER@matabl,12
platon job marmoutel néron et bossuet,platCdZObmaRmutel|neRCebosHE,11
ne m'eussent fait fléchir sois-en bien convaincu,n@mys@fEfleSiR|swazAbje~kCve~ky,12
qui sût par quelque amour consoler ma grande âme ,kisypaRkElkamuR|kCsOlemagRAdam,12
prince les assassins consacrent ta puissance,pRe~s@lezasase~|kCsakR@tapHisAs,12
ils forcent dieu lui-même à nous montrer sa main,ilfORs@dj2lHimEm|anumCtResame~,12
l'a pensée est son bien ton corps son bouclier,lapAseEsCbje~|tCkORsCbuklije,13
laissera-t-elle un jour le calme à l'univers ,les@Ratte~ZuRl@|kalmalynivER,11
est-ce assez de grandeur de misère et de gloire,Es@ased@gRAd9Rd@mizERed@glwaR,13
où de quatre-vingt-neuf résonna le tocsin ,ud@katR@ve~tRezOnal@tOkse~,11
a-t-il rassasié ta fierté vagabonde,atRasazjeta|fjERtevagabCd,11
a-t-il pour les combats assouvi ton penchant,atpuRlekCbazasuvitCpASA,11
est-ce assez d'avoir vu l'europe dévastée,Es@asedtavwaR|vyl2Rop@devaste,13
en est-ce assez pour loi d'avoir mis en lambeaux,AEs@asepuR|lwadtavwaRmizAlAbo,13
en est-ce assez pour toi des vaines théories,AEs@asepuR|twadevEn@teORi,13
en est-ce assez pour toi d'avoir en cinquante ans,AEs@asepuR|twadtavwaRAse~kAtA,13
repus de notre sang nous laissent le repos ,R@pyd@nOtR@sA|nulEs@l@R@po,12
les larmes du passé fécondent l'avenir ,lelaRm@dypase|fekCd@lav@niR,12
ose donc franchement bénir la providence ,ozdCkfRAS@mA@|beniRlapROvidAs,12
ils le savent debout ferme et prêt au combat,ill@sav@d@bu|fERmepREtokCba,12
que t'importent des mots des phrases ajustées ,k@tte~pORt@demo|defRaz@zaZyste,12
de l'univers jaloux pénètrent les regards,d@lynivERZalu|penEtR@leR@gaR,12
le bruit de nos canons retentit aujourd'hui ,l@bRHid@nokanCR@tAtitojuRdji,13
en pilote hardi nous montrer le chemin,ApilOtaRdinu|mCtRel@S@me~,11
tous les infortunés savent quelle est sa mère,tusleze~foRtune|sav@kElEsamER,12
fêtaient la poésie à toute heure en tout lieu ,fetE@lapOezia9RAtulj2,14
au bruit de nos baisers le temps joyeux s'envole,obRHid@nobezel@tAZwaj2szAvOl,13
l'entourent mollement d'une fraîche auréole ,lAtuR@mOl@mA@dtyn@fRESoReOl,13
et lorsqu'au pied du lit tombent ses longs cheveux,eloRskopjedyli|tCb@selCS@v2,12
il lui dit doucement   mon âme dormez-vous  ,illHididus@mA@mCam@dORmevu,13
cachent de longs tourments et des vœux insensés,kaS@d@lCtuRmAz|edev2ze~sAse,12
vous me répondriez peut-être  je le sais,vum@RepCdRijep2EtR@Z@l@sE,13
vous me défendriez peut-être de vous voir,vum@defAdRijep2EtR@d@vuvwaR,13
je vous sens dans mes bras plier comme un roseau,Z@vusAdAmebRa|plijekOme~Rozo,13
couvrent au loin les bords au matin si sacrés ,kuvRtolwe~lebORzo|mate~sisakRe,11
le mal qu'on savait moins se révèle à toute heure,l@malkCsavEmwe~|s@RevEla9R,13
quand chloé pâlissait auprès de lydia,kAkloepalisEt|opREd@lidja,11
lydia qu'on vantait dans l'italie entière,lidjakCvAtEdA|l|italiAtjER,11
que dans les bras d'un dieu la romaine ilia,k@dAlebRadte~dj2|laROmEnilja,11
plus prompt à l'irriter que l'âpre adriatique ,plypRCtaliRite|k@lapRadRjatik,11
j'ai souhaité d'avoir quelque gloire en partage,ZeswetedtavwaRkElk@glwaRApaRtaZ,11
les battements du cœur qui durent un moment,lebat@mAdyk9r|kidyRte~mOmA,11
le fils du titien pour la rendre immortelle,l@fildytitje~puR|laRAdRimORtEl,11
sur un bel axe d'or la tenir balancée,syRe~bElaksdtORla|t@niRbalAse,11
eut cet homme si fier en sa naïveté,ysEtOm@sifjeAsanaiv@te,13
et je me demandais  est-ce assez d'admirer ,eZ@m@d@mAdEz|Es@asedtadmiRe,13
est-ce assez de venir un soir par aventure,Es@ased@v@niRe~swaRpaRavAtyR,13
çà et là toutefois lorgnant la galerie,saelatutfwalORnjAlagal@Ri,11
un vers d'andré chénier chanta dans ma mémoire,e~vERdtAdReSeniESAtadAmamemwaR,13
et l'effroyable honte où la muse est tombée ,elefRwajablCtu|lamyzEtCbe,11
celui qui l'ose dire est toujours écouté,s@lHikilozdiRE|tuZuRzekute,11
apprends-moi de quel ton dans la bouche hardie,apRAmwad@kEltC|dAlabuSaRdi,11
j'en aurai le courage et l'indignation ,ZAORel@kuRaZ|ele~dinjasjC,13
se voilèrent  la main glissa dans le manchon ,s@vwalER@lame~|glisadAl@mASC,12
a quoi nous servent donc tant de luttes frivoles,akwanusERv@dCk|tAd@lyt@fRivOl,12
vous avez le même âge et le même génie,vuzavel@mEmaZ|el@mEm@Zeni,12
ne réveillent les morts de leur repos sanglant,n@Revej@lemOR|d@l9RR@posAglA,12
comme un essaim d'oiseaux chante au bruit de mes pas,kOme~ese~dtwazo|SAtobRHid@mepa,13
sortent sous tes rayons tous les parfums du jour ,sORt@suteREjC|tuslepaRfe~dyZuR,12
que viennent étaler sur leurs amours passées,k@vjEntetalesyR|l9RzamuRpase,11
et faut-il l'oublier du moment qu'il fait nuit ,efotillublijedymOmA@kilfEnHi,14
est-ce bien toi grande âme immortellement triste,Es@bje~twagRAdam|imORtEl@mA@tRist,13
dans la cendre brûlante où dorment ses ennuis,dAlasAdR@bRylAt|udORm@sezAnHi,12
dans ce passé perdu quand son âme se noie,dAs@pasepERdy|kAsCam@s@nwa,12
vers quelque monument d'un amour oublié,vERkElk@mOnymA@dte~amuRublije,14
el vous criez alors que la vie est un songe,ElvukRijealORk@laviEte~sCZ,13
malheureux  cet instant où votre âme engourdie,mal2R2sEtte~stAt|uvOtRamAguRdi,12
que demandent au ciel ces regrets inconstants,k@d@mAdtosjElse|R@gREze~kCstA,11
que deux êtres mortels échangèrent sur terre,k@d2EtR@mORtElz|eSAZER@syRtER,12
ils prirent à témoin de leur joie éphémère,ilpRiRtatemwe~d@|l9RZwaefemER,11
la fleur entre leurs mains l'insecte sous leurs piés,lafl9RAtR@l9Rme~|l|e~sEkt@sul9Rpie,13
 insensés  dit le sage  heureux  dit le poëte,e~sAsedil@2R2dil@poEt,13
si le bruit du torrent te trouble et t'inquiète,sil@bRHidytORA@t@tRublette~kjEt,14
que juliette morte au fond de son tombeau,k@ZyljEt@mORto|fCd@sCtCbo,11
ses lèvres s'entr'ouvraient et c'était un sourire,selEvR@szAntresetEte~suRiR,10
et j'aurais pu crier  qu'as-tu fait infidèle,eZOREpykRijekastyfEte~fidEl,13
eh bien  qu'importe encore  o nature  ô ma mère ,ebje~ke~pORtAkOR|onatyR@omamER,13
je me dis seulement  a cette heure en ce lieu,Z@m@dis9l@mAt|a9RAs@lj2,13
c'est alfred direz-vous ou le diable m'emporte ,sEtalfReddiRevuz|ul@djabl@mApORt,13
par de plus fiers que moi qui l'imitent encore ,paRd@plyfjERk@mwa|kilimittAkOR,11
or je me demandais hier dans la solitude ,ORZ@m@d@mAdE|jERdAlasOlityd,13
ensuite un mal honteux le bruit de la monnaie,AsHite~malCt2|l@bRHid@lamOnE,13
ceux qui disent  ma sœur ne vois-tu rien venir ,s2kidiz@mas2R|n@vwatyRje~v@niR,12
gaîté génie heureux qui fut jadis le nôtre,gete2R2kifyZadisl@notR,13
comme dit figaro  qui trompe-t-on ici ,kOm@difigaRo|kitRCp@ttisi,11
d'ailleurs est-ce un plaisir d'exprimer sa pensée ,dtaj9RzEs@e~pleziRdtEkspRimesapAse,13
et qu'à la longue en poste un tête-à-tête ennuie,ekalalCgApost|e~tEtaAnHi,11
et de ce bruit honteux qui salit la pensée,ed@s@bRHiCt2kisalilapAse,13
toujours fier et trompé toujours humble et rêvant,tuZuRfjeetRCpetuZuRe~bleRevA,13
mais quel bien fait le bruit et qu'importe la gloire ,mEkElbje~fEl@bRHiteke~pORt@laglwaR,13
vive le vieux roman vive la page heureuse,viv@l@vj2ROmA|viv@la9R2z,13
et que tous les pédants frappent leur tête creuse,ek@tuslepedA|fRap@l9RtEt@kR2z,12
plus fou qu'ophélia de romarin coiffée,plyfukofejad@|ROmaRe~kwafe,11
marcher prier pleurer des larmes ruisselantes,maRSepRijepl9RedelaRm@RHis@lAt,13
el lu mourus aussi seul l'âme désolée,EllymuRyzosi|s9llam@dezOle,12
le meilleur qui nous reste est un ancien ami,l@mEj9RkinuREst|Ete~Asje~ami,13
a peine si le prince hier enseveli,apEn@sil@jERAs@v@li,13
ce fut un triste bruit quand au glas funéraire,s@fyte~tRist@bRHikAtoglafyneRER,13
les faiseurs de romans se mirent à chanter,lef@z9Rd@ROmA|s@miRtaSAte,11
et traversent ainsi la terre désolée,etRavERste~sila|tER@dezOle,11
ménage obscurément ceux qui savent te plaire,menaZOpskyRemA@s2kisav@t@plER,13
ne prenaient de repos que le temps de prier,n@pR@nE@d@R@pok@l@tAd@pRije,14
frissonnent tout à coup et retombent glacées,fRisOn@tutaku|eR@tCb@glase,12
qu'importe tel parti qui triomphe ou succombe ,ke~pORt@tElpaRti|kitRijCfusykCb,13
quel ennemi du père ose haïr le fils ,kElEn@midypER|ozaiRl@fil,11
que les anges muets apprennent aux mourants,k@lezAZ@mHEz|apREntomuRA,11
il vivait avec nous il était de notre âge,ilvivEtavEknuz|iletEd@nOtRaZ,12
sa pensée était jeune avec l'ancien courage ,sapAseetEZ9n|avEklAsje~kuRaZ,13
une heure qu'est-ce donc qu'une heure pour le temps ,9R@kEs@|dCkk9R@puRl@tA,14
une heure a détourné tout un siècle o misère ,9RadetuRnetute~sjEklomizER,13
une heure lui restait il était fils et père ,9R@lHiREstEtiletEfilzepER,13
nous croyions l'heure prête et le moment venu ,nukRwajiCl9R@|pREtel@mOmA@v@ny,14
car la france hier encor la maîtresse du monde,kaRlajER|AkorlamEtREs@dymCd,14
et comme juliette au fond des noirs arceaux,ekOm@ZyljEto|fCdenwaRzaRso,11
ainsi fut mon appel de votre âme entendu,e~sifymCapEl|d@vOtRamAtAdy,12
ce charme triste et doux tant aimé d'un autre âge,s@SaRm@tRistedu|tAtemedte~otRaZ,12
lorsque du maître à tous la vieille hardiesse,lORsk@dymEtRatus|lavjEjaRdjEs,11
je ne sais  dieu le sait  dans la pauvre âme humaine,Z@n@sEdj2l@sE|dAlapovRamymEn,12
dieu défend d'oublier les petits ici-bas,dj2defAdtublijelep@tizisiba,13
petit livre et songer qu'il le faut soutenir,p@tilivResCZe|k|ill@fosutniR,11
les chasseurs de chamois en savent quelque chose,leSas9Rd@Samwaz|Asav@kElk@Soz,12
peut-être en savent-ils autant et plus que nous,p2EtRAsavtilzotAteplyk@nu,11
dorment dans un repos si superbe et si doux,dORm@dAze~R@po|sisypERbesidu,12
tout s'en va les plaisirs et les mœurs d'un autre âge,tuszAvalepleziRz|elem2Rsdte~otRaZ,12
les rois les dieux vaincus le hasard triomphant,leRwaledj2ve~ky|l@azaRtRijCfA,13
rosalinde et suzon qui me trouvent trop sage,Rozale~desyzC|kim@tRuv@tRosaZ,12
mes meilleurs ennemis me conseillent d'en faire,memEj2RzEn@mi|m@kCsej@dtAfER,12
si deux noms par hasard s'embrouillent sur ma lyre,sid2nCpaRazaR|sz|AbRuj@syRmaliR,12
